{
  "faction": "empire",
  "games_completed": 91000,
  "wins": 80078,
  "losses": 10922,
  "draws": 0,
  "win_rate": 0.879978021978022,
  "average_score": 171.88815384615384,
  "best_score": 295,
  "top_strategies": {
    "4": 79624,
    "11": 61385,
    "1": 54106,
    "12": 42174,
    "0": 41777,
    "13": 34426,
    "9": 26704,
    "5": 22772,
    "14": 22510,
    "10": 18708
  },
  "epsilon": 0.6344631076788703,
  "timestamp": "20250609_095009",
  "training_time_hours": 0.0519032441245185
}