{
  "faction": "empire",
  "games_completed": 11000,
  "wins": 9182,
  "losses": 1818,
  "draws": 0,
  "win_rate": 0.8347272727272728,
  "average_score": 169.12172727272727,
  "best_score": 198,
  "top_strategies": {
    "4": 10854,
    "11": 10772,
    "9": 7605,
    "12": 4203,
    "1": 3401,
    "0": 3293,
    "10": 2712,
    "13": 2660,
    "5": 1985,
    "3": 1704
  },
  "epsilon": 0.9465086802913849,
  "timestamp": "20250609_094723",
  "training_time_hours": 0.005680085553063287
}