{
  "faction": "empire",
  "games_completed": 71000,
  "wins": 62429,
  "losses": 8571,
  "draws": 0,
  "win_rate": 0.8792816901408451,
  "average_score": 171.8329718309859,
  "best_score": 295,
  "top_strategies": {
    "4": 67979,
    "11": 48879,
    "1": 41482,
    "0": 32847,
    "12": 30573,
    "13": 24610,
    "9": 23060,
    "5": 18090,
    "14": 16627,
    "10": 14627
  },
  "epsilon": 0.7011903504971826,
  "timestamp": "20250609_094926",
  "training_time_hours": 0.03984621862570445
}