{
  "faction": "empire",
  "games_completed": 31000,
  "wins": 27096,
  "losses": 3904,
  "draws": 0,
  "win_rate": 0.8740645161290322,
  "average_score": 171.80532258064517,
  "best_score": 295,
  "top_strategies": {
    "4": 36989,
    "11": 24159,
    "1": 15964,
    "9": 13811,
    "0": 13547,
    "12": 9864,
    "13": 8814,
    "5": 7392,
    "10": 6573,
    "3": 5785
  },
  "epsilon": 0.8564362563131236,
  "timestamp": "20250609_094802",
  "training_time_hours": 0.016627031366030377
}