{
  "faction": "empire",
  "games_completed": 81000,
  "wins": 71232,
  "losses": 9768,
  "draws": 0,
  "win_rate": 0.8794074074074074,
  "average_score": 171.86197530864197,
  "best_score": 295,
  "top_strategies": {
    "4": 74057,
    "11": 55075,
    "1": 47846,
    "0": 37438,
    "12": 36221,
    "13": 29517,
    "9": 24936,
    "5": 20206,
    "14": 19477,
    "10": 16712
  },
  "epsilon": 0.6669928101942931,
  "timestamp": "20250609_094947",
  "training_time_hours": 0.04585056278440688
}