{
  "faction": "empire",
  "games_completed": 61000,
  "wins": 53623,
  "losses": 7377,
  "draws": 0,
  "win_rate": 0.8790655737704918,
  "average_score": 171.79586885245902,
  "best_score": 295,
  "top_strategies": {
    "4": 61684,
    "11": 42565,
    "1": 35140,
    "0": 28133,
    "12": 24467,
    "9": 21013,
    "13": 19910,
    "5": 16046,
    "14": 13553,
    "10": 12817
  },
  "epsilon": 0.7371412406786603,
  "timestamp": "20250609_094904",
  "training_time_hours": 0.03392461081345876
}