{
  "faction": "empire",
  "games_completed": 51000,
  "wins": 44799,
  "losses": 6201,
  "draws": 0,
  "win_rate": 0.8784117647058823,
  "average_score": 171.82013725490197,
  "best_score": 295,
  "top_strategies": {
    "4": 54561,
    "11": 36385,
    "1": 28888,
    "0": 23540,
    "12": 19122,
    "9": 18845,
    "13": 16041,
    "5": 13096,
    "10": 10600,
    "14": 10598
  },
  "epsilon": 0.7749353771397268,
  "timestamp": "20250609_094843",
  "training_time_hours": 0.02806581053468916
}