{
  "faction": "empire",
  "games_completed": 21000,
  "wins": 18221,
  "losses": 2779,
  "draws": 0,
  "win_rate": 0.8676666666666667,
  "average_score": 171.36757142857144,
  "best_score": 198,
  "top_strategies": {
    "4": 25309,
    "11": 17629,
    "9": 10858,
    "1": 9918,
    "0": 8512,
    "12": 6551,
    "13": 5576,
    "5": 4641,
    "10": 4607,
    "3": 3854
  },
  "epsilon": 0.9003467946944824,
  "timestamp": "20250609_094742",
  "training_time_hours": 0.011095243626170688
}