{
  "faction": "empire",
  "games_completed": 41000,
  "wins": 35960,
  "losses": 5040,
  "draws": 0,
  "win_rate": 0.8770731707317073,
  "average_score": 171.84634146341463,
  "best_score": 295,
  "top_strategies": {
    "4": 46560,
    "11": 30381,
    "1": 22329,
    "0": 18681,
    "9": 16364,
    "12": 14117,
    "13": 12139,
    "5": 10216,
    "10": 8701,
    "14": 7742
  },
  "epsilon": 0.814667265380259,
  "timestamp": "20250609_094823",
  "training_time_hours": 0.022293411095937094
}