{
  "faction": "empire",
  "games_completed": 100000,
  "wins": 88063,
  "losses": 11937,
  "draws": 0,
  "win_rate": 0.88063,
  "average_score": 171.90494,
  "best_score": 295,
  "top_strategies": {
    "4": 84277,
    "11": 67313,
    "1": 60112,
    "12": 48074,
    "0": 45681,
    "13": 39597,
    "9": 28481,
    "14": 25225,
    "5": 24463,
    "10": 20472
  },
  "epsilon": 0.6065450650202764,
  "timestamp": "20250609_095029",
  "training_time_hours": 0.057399573591020374
}