{
  "faction": "orc",
  "games_completed": 36000,
  "wins": 5658,
  "losses": 30327,
  "draws": 15,
  "win_rate": 0.15716666666666668,
  "average_score": 167.036,
  "best_score": 198,
  "top_strategies": {
    "11": 4677,
    "10": 3274,
    "4": 3248,
    "12": 2868,
    "5": 2470,
    "1": 2462,
    "13": 2319,
    "8": 2259,
    "7": 2089,
    "0": 2030
  },
  "epsilon": 0.835290717596647,
  "timestamp": "20250609_100211",
  "training_time_hours": 0
}