{
  "faction": "orc",
  "games_completed": 221000,
  "wins": 93507,
  "losses": 27491,
  "draws": 2,
  "win_rate": 0.4231085972850679,
  "average_score": 102.05676470588236,
  "best_score": 195,
  "top_strategies": {
    "0": 226527,
    "7": 102065,
    "2": 38029,
    "9": 35678,
    "6": 25003,
    "13": 21570,
    "4": 21376,
    "14": 18729,
    "12": 18413,
    "11": 17314
  },
  "epsilon": 0.33122652822153636,
  "timestamp": "20250609_101353",
  "training_time_hours": 0
}