{
  "faction": "orc",
  "games_completed": 126000,
  "wins": 15633,
  "losses": 10367,
  "draws": 0,
  "win_rate": 0.12407142857142857,
  "average_score": 37.59914285714286,
  "best_score": 195,
  "top_strategies": {
    "0": 32498,
    "7": 17767,
    "11": 7245,
    "9": 6349,
    "13": 4913,
    "12": 4633,
    "1": 3930,
    "4": 3453,
    "2": 3133,
    "8": 2921
  },
  "epsilon": 0.5326175924509325,
  "timestamp": "20250609_101014",
  "training_time_hours": 0
}