{
  "faction": "orc",
  "games_completed": 81000,
  "wins": 18907,
  "losses": 62049,
  "draws": 44,
  "win_rate": 0.23341975308641974,
  "average_score": 170.07854320987656,
  "best_score": 295,
  "top_strategies": {
    "4": 12086,
    "11": 11812,
    "10": 11031,
    "5": 10226,
    "1": 8515,
    "12": 8182,
    "3": 7962,
    "13": 7717,
    "8": 7442,
    "0": 6706
  },
  "epsilon": 0.6669928101942931,
  "timestamp": "20250609_100349",
  "training_time_hours": 0
}