{
  "faction": "orc",
  "games_completed": 41000,
  "wins": 6813,
  "losses": 34169,
  "draws": 18,
  "win_rate": 0.16617073170731708,
  "average_score": 167.44358536585366,
  "best_score": 198,
  "top_strategies": {
    "11": 5497,
    "10": 3968,
    "4": 3902,
    "12": 3370,
    "5": 3077,
    "1": 3064,
    "13": 2823,
    "8": 2727,
    "7": 2429,
    "0": 2400
  },
  "epsilon": 0.814667265380259,
  "timestamp": "20250609_100221",
  "training_time_hours": 0
}