{
  "faction": "orc",
  "games_completed": 71000,
  "wins": 14188,
  "losses": 56812,
  "draws": 0,
  "win_rate": 0.19983098591549295,
  "average_score": 171.49481690140846,
  "best_score": 195,
  "top_strategies": {
    "10": 19421,
    "11": 9997,
    "5": 9922,
    "8": 7663,
    "13": 7349,
    "7": 3926,
    "0": 3616,
    "6": 3390,
    "2": 3294,
    "4": 3148
  },
  "epsilon": 0.7011903504971826,
  "timestamp": "20250609_095319",
  "training_time_hours": 0.10452385750081804
}