{
  "faction": "orc",
  "games_completed": 6000,
  "wins": 1301,
  "losses": 4699,
  "draws": 0,
  "win_rate": 0.21683333333333332,
  "average_score": 168.80783333333332,
  "best_score": 198,
  "top_strategies": {
    "11": 1281,
    "12": 996,
    "0": 708,
    "7": 701,
    "8": 691,
    "6": 684,
    "10": 589,
    "4": 579,
    "14": 321,
    "2": 318
  },
  "epsilon": 0.9704697222651021,
  "timestamp": "20250609_100110",
  "training_time_hours": 0
}