{
  "faction": "orc",
  "games_completed": 406000,
  "wins": 5009,
  "losses": 870,
  "draws": 121,
  "win_rate": 0.01233743842364532,
  "average_score": 2.6924975369458126,
  "best_score": 198,
  "top_strategies": {
    "13": 7240,
    "5": 5404,
    "14": 4450,
    "0": 4414,
    "1": 2573,
    "8": 2445,
    "11": 1322,
    "4": 1267,
    "10": 359,
    "6": 189
  },
  "epsilon": 0.13134470512656862,
  "timestamp": "20250609_102405",
  "training_time_hours": 0
}