{
  "faction": "orc",
  "games_completed": 416000,
  "wins": 2862,
  "losses": 7138,
  "draws": 0,
  "win_rate": 0.006879807692307692,
  "average_score": 4.287954326923077,
  "best_score": 198,
  "top_strategies": {
    "5": 3176,
    "9": 2939,
    "0": 1744,
    "8": 1564,
    "7": 1377,
    "10": 1098,
    "3": 1093,
    "14": 909,
    "6": 801,
    "4": 785
  },
  "epsilon": 0.12494205617147033,
  "timestamp": "20250609_102440",
  "training_time_hours": 0
}