{
  "faction": "orc",
  "games_completed": 41000,
  "wins": 6741,
  "losses": 34259,
  "draws": 0,
  "win_rate": 0.16441463414634147,
  "average_score": 170.1109756097561,
  "best_score": 195,
  "top_strategies": {
    "10": 10301,
    "11": 4938,
    "5": 4818,
    "13": 3937,
    "8": 3791,
    "7": 1789,
    "0": 1551,
    "6": 1527,
    "12": 1371,
    "3": 1256
  },
  "epsilon": 0.814667265380259,
  "timestamp": "20250609_095204",
  "training_time_hours": 0.08388851642608643
}