{
  "faction": "orc",
  "games_completed": 106000,
  "wins": 2475,
  "losses": 3525,
  "draws": 0,
  "win_rate": 0.023349056603773583,
  "average_score": 10.071103773584905,
  "best_score": 195,
  "top_strategies": {
    "0": 4170,
    "7": 2808,
    "11": 1367,
    "9": 1271,
    "12": 874,
    "13": 824,
    "1": 769,
    "4": 602,
    "8": 574,
    "14": 512
  },
  "epsilon": 0.5886336207914934,
  "timestamp": "20250609_100930",
  "training_time_hours": 0
}