{
  "faction": "orc",
  "games_completed": 201000,
  "wins": 75940,
  "losses": 25058,
  "draws": 2,
  "win_rate": 0.37781094527363185,
  "average_score": 93.4074328358209,
  "best_score": 195,
  "top_strategies": {
    "0": 180988,
    "7": 84187,
    "9": 28691,
    "2": 28685,
    "6": 21163,
    "13": 18684,
    "4": 16707,
    "11": 15804,
    "12": 15227,
    "14": 14404
  },
  "epsilon": 0.36606201780164416,
  "timestamp": "20250609_101306",
  "training_time_hours": 0
}