{
  "faction": "orc",
  "games_completed": 256000,
  "wins": 124867,
  "losses": 31131,
  "draws": 2,
  "win_rate": 0.48776171875,
  "average_score": 114.0173125,
  "best_score": 195,
  "top_strategies": {
    "0": 310195,
    "7": 131927,
    "2": 55245,
    "9": 48410,
    "6": 34495,
    "4": 28199,
    "14": 26844,
    "13": 25852,
    "12": 22471,
    "11": 20211
  },
  "epsilon": 0.27805031293281945,
  "timestamp": "20250609_101515",
  "training_time_hours": 0
}