{
  "faction": "orc",
  "games_completed": 61000,
  "wins": 11762,
  "losses": 49238,
  "draws": 0,
  "win_rate": 0.19281967213114753,
  "average_score": 171.18595081967214,
  "best_score": 195,
  "top_strategies": {
    "10": 16575,
    "11": 8437,
    "5": 8192,
    "8": 6404,
    "13": 6335,
    "7": 3220,
    "0": 2894,
    "6": 2749,
    "2": 2542,
    "4": 2471
  },
  "epsilon": 0.7371412406786603,
  "timestamp": "20250609_095254",
  "training_time_hours": 0.09759203030003441
}