{
  "faction": "orc",
  "games_completed": 296000,
  "wins": 161137,
  "losses": 34861,
  "draws": 2,
  "win_rate": 0.5443817567567567,
  "average_score": 124.31051351351351,
  "best_score": 195,
  "top_strategies": {
    "0": 409954,
    "7": 163564,
    "2": 73654,
    "9": 60561,
    "6": 44538,
    "4": 38113,
    "14": 36399,
    "13": 30298,
    "12": 27296,
    "11": 25756
  },
  "epsilon": 0.2276482282762365,
  "timestamp": "20250609_101649",
  "training_time_hours": 0
}