{
  "faction": "orc",
  "games_completed": 276000,
  "wins": 143029,
  "losses": 32969,
  "draws": 2,
  "win_rate": 0.5182210144927536,
  "average_score": 119.53022826086956,
  "best_score": 195,
  "top_strategies": {
    "0": 360664,
    "7": 148645,
    "2": 64462,
    "9": 54086,
    "6": 40267,
    "4": 32303,
    "14": 31472,
    "13": 28077,
    "12": 24723,
    "11": 22340
  },
  "epsilon": 0.25159026434027576,
  "timestamp": "20250609_101602",
  "training_time_hours": 0
}