{
  "faction": "orc",
  "games_completed": 251000,
  "wins": 120328,
  "losses": 30670,
  "draws": 2,
  "win_rate": 0.47939442231075696,
  "average_score": 112.50617928286853,
  "best_score": 195,
  "top_strategies": {
    "0": 297868,
    "7": 127867,
    "2": 51969,
    "9": 46340,
    "6": 33659,
    "4": 27636,
    "14": 25396,
    "13": 25306,
    "12": 22053,
    "11": 19979
  },
  "epsilon": 0.2850892079347494,
  "timestamp": "20250609_101503",
  "training_time_hours": 0
}