{
  "faction": "orc",
  "games_completed": 46000,
  "wins": 8031,
  "losses": 37948,
  "draws": 21,
  "win_rate": 0.17458695652173914,
  "average_score": 167.81426086956523,
  "best_score": 198,
  "top_strategies": {
    "11": 6278,
    "10": 4671,
    "4": 4667,
    "12": 3895,
    "5": 3689,
    "1": 3626,
    "13": 3332,
    "8": 3188,
    "7": 2812,
    "0": 2791
  },
  "epsilon": 0.79455300927052,
  "timestamp": "20250609_100232",
  "training_time_hours": 0
}