{
  "faction": "orc",
  "games_completed": 51000,
  "wins": 9195,
  "losses": 41805,
  "draws": 0,
  "win_rate": 0.18029411764705883,
  "average_score": 170.68213725490196,
  "best_score": 195,
  "top_strategies": {
    "10": 13527,
    "11": 6672,
    "5": 6510,
    "13": 5133,
    "8": 5100,
    "7": 2470,
    "0": 2250,
    "6": 2073,
    "12": 1855,
    "2": 1822
  },
  "epsilon": 0.7749353771397268,
  "timestamp": "20250609_095229",
  "training_time_hours": 0.0907087908188502
}