{
  "faction": "orc",
  "games_completed": 136000,
  "wins": 22752,
  "losses": 13247,
  "draws": 1,
  "win_rate": 0.16729411764705882,
  "average_score": 48.40889705882353,
  "best_score": 195,
  "top_strategies": {
    "0": 48891,
    "7": 25545,
    "9": 8751,
    "11": 8243,
    "13": 6960,
    "12": 6721,
    "1": 5421,
    "6": 5202,
    "2": 4889,
    "4": 4857
  },
  "epsilon": 0.5066414626154981,
  "timestamp": "20250609_101036",
  "training_time_hours": 0
}