{
  "faction": "orc",
  "games_completed": 401000,
  "wins": 761,
  "losses": 175,
  "draws": 64,
  "win_rate": 0.0018977556109725686,
  "average_score": 0.4382094763092269,
  "best_score": 198,
  "top_strategies": {
    "5": 2403,
    "13": 697,
    "0": 592,
    "14": 540,
    "8": 108,
    "10": 74,
    "1": 57,
    "6": 31,
    "4": 22,
    "3": 19
  },
  "epsilon": 0.1346697205840007,
  "timestamp": "20250609_102354",
  "training_time_hours": 0
}