{
  "faction": "orc",
  "games_completed": 31000,
  "wins": 4628,
  "losses": 26362,
  "draws": 10,
  "win_rate": 0.14929032258064517,
  "average_score": 166.66054838709678,
  "best_score": 198,
  "top_strategies": {
    "11": 3941,
    "10": 2664,
    "4": 2620,
    "12": 2448,
    "5": 1954,
    "1": 1892,
    "13": 1881,
    "8": 1880,
    "7": 1787,
    "0": 1719
  },
  "epsilon": 0.8564362563131236,
  "timestamp": "20250609_100200",
  "training_time_hours": 0
}