{
  "faction": "orc",
  "games_completed": 166000,
  "wins": 46209,
  "losses": 19789,
  "draws": 2,
  "win_rate": 0.27836746987951805,
  "average_score": 73.35889156626506,
  "best_score": 195,
  "top_strategies": {
    "0": 106323,
    "7": 52204,
    "9": 16502,
    "2": 15220,
    "13": 12683,
    "6": 12018,
    "12": 11331,
    "11": 11240,
    "4": 9744,
    "1": 9685
  },
  "epsilon": 0.4360701845334974,
  "timestamp": "20250609_101144",
  "training_time_hours": 0
}