{
  "faction": "orc",
  "games_completed": 226000,
  "wins": 97982,
  "losses": 28016,
  "draws": 2,
  "win_rate": 0.4335486725663717,
  "average_score": 103.99173008849557,
  "best_score": 195,
  "top_strategies": {
    "0": 237913,
    "7": 106941,
    "2": 40777,
    "9": 37817,
    "6": 26134,
    "4": 22380,
    "13": 22277,
    "14": 19678,
    "12": 18786,
    "11": 17636
  },
  "epsilon": 0.3230484959105445,
  "timestamp": "20250609_101405",
  "training_time_hours": 0
}