{
  "faction": "orc",
  "games_completed": 356000,
  "wins": 215987,
  "losses": 40008,
  "draws": 5,
  "win_rate": 0.6067050561797753,
  "average_score": 135.53047752808988,
  "best_score": 195,
  "top_strategies": {
    "0": 550000,
    "7": 200675,
    "2": 106165,
    "9": 80733,
    "6": 60681,
    "4": 53324,
    "14": 49394,
    "13": 36690,
    "11": 35167,
    "12": 32660
  },
  "epsilon": 0.16864582892777616,
  "timestamp": "20250609_101912",
  "training_time_hours": 0
}