{
  "faction": "orc",
  "games_completed": 261000,
  "wins": 129420,
  "losses": 31578,
  "draws": 2,
  "win_rate": 0.49586206896551727,
  "average_score": 115.47981226053639,
  "best_score": 195,
  "top_strategies": {
    "0": 322630,
    "7": 135925,
    "2": 57664,
    "9": 49961,
    "6": 36033,
    "4": 29470,
    "14": 27965,
    "13": 26401,
    "12": 22826,
    "11": 20904
  },
  "epsilon": 0.27118520929678097,
  "timestamp": "20250609_101526",
  "training_time_hours": 0
}