{
  "faction": "orc",
  "games_completed": 331000,
  "wins": 193067,
  "losses": 37930,
  "draws": 3,
  "win_rate": 0.5832839879154078,
  "average_score": 131.3147764350453,
  "best_score": 195,
  "top_strategies": {
    "0": 492892,
    "7": 186559,
    "2": 94919,
    "9": 71969,
    "6": 51667,
    "4": 46897,
    "14": 44747,
    "13": 34319,
    "12": 30623,
    "11": 30617
  },
  "epsilon": 0.191100819885034,
  "timestamp": "20250609_101812",
  "training_time_hours": 0
}