{
  "faction": "orc",
  "games_completed": 231000,
  "wins": 102401,
  "losses": 28597,
  "draws": 2,
  "win_rate": 0.4432943722943723,
  "average_score": 105.83766233766234,
  "best_score": 195,
  "top_strategies": {
    "0": 248937,
    "7": 111306,
    "2": 42661,
    "9": 40189,
    "6": 27504,
    "4": 24028,
    "13": 23008,
    "14": 20527,
    "12": 19605,
    "11": 17892
  },
  "epsilon": 0.31507238043525543,
  "timestamp": "20250609_101416",
  "training_time_hours": 0
}