{
  "faction": "orc",
  "games_completed": 361000,
  "wins": 220658,
  "losses": 40337,
  "draws": 5,
  "win_rate": 0.6112409972299169,
  "average_score": 136.31226869806093,
  "best_score": 195,
  "top_strategies": {
    "0": 561595,
    "7": 202940,
    "2": 108099,
    "9": 82826,
    "6": 62589,
    "4": 54468,
    "14": 50398,
    "13": 37221,
    "11": 36482,
    "12": 33007
  },
  "epsilon": 0.1644819382953121,
  "timestamp": "20250609_101924",
  "training_time_hours": 0
}