{
  "faction": "orc",
  "games_completed": 271000,
  "wins": 138401,
  "losses": 32597,
  "draws": 2,
  "win_rate": 0.5107047970479704,
  "average_score": 118.22349815498156,
  "best_score": 195,
  "top_strategies": {
    "0": 347154,
    "7": 144359,
    "2": 62095,
    "9": 52716,
    "6": 38826,
    "4": 31327,
    "14": 30360,
    "13": 27543,
    "12": 24277,
    "11": 22043
  },
  "epsilon": 0.2579593183273756,
  "timestamp": "20250609_101550",
  "training_time_hours": 0
}