{
  "faction": "orc",
  "games_completed": 31000,
  "wins": 4351,
  "losses": 26649,
  "draws": 0,
  "win_rate": 0.1403548387096774,
  "average_score": 169.3821935483871,
  "best_score": 195,
  "top_strategies": {
    "10": 6991,
    "5": 3186,
    "11": 2988,
    "13": 2780,
    "8": 2507,
    "7": 1182,
    "0": 994,
    "6": 918,
    "12": 868,
    "3": 790
  },
  "epsilon": 0.8564362563131236,
  "timestamp": "20250609_095140",
  "training_time_hours": 0.07718415366278754
}