{
  "faction": "orc",
  "games_completed": 96000,
  "wins": 25251,
  "losses": 70701,
  "draws": 48,
  "win_rate": 0.26303125,
  "average_score": 171.07747916666668,
  "best_score": 295,
  "top_strategies": {
    "4": 16368,
    "5": 15097,
    "10": 14650,
    "11": 14396,
    "3": 11725,
    "1": 11621,
    "13": 10673,
    "12": 9775,
    "8": 9731,
    "2": 9565
  },
  "epsilon": 0.6187981190603907,
  "timestamp": "20250609_100423",
  "training_time_hours": 0
}