{
  "faction": "orc",
  "games_completed": 381000,
  "wins": 239202,
  "losses": 41793,
  "draws": 5,
  "win_rate": 0.6278267716535433,
  "average_score": 139.2135275590551,
  "best_score": 195,
  "top_strategies": {
    "0": 607836,
    "7": 213387,
    "2": 114108,
    "9": 90113,
    "6": 70163,
    "4": 59706,
    "14": 55188,
    "11": 40096,
    "13": 38996,
    "8": 37699
  },
  "epsilon": 0.14882937515310962,
  "timestamp": "20250609_102011",
  "training_time_hours": 0
}