{
  "faction": "orc",
  "games_completed": 206000,
  "wins": 80335,
  "losses": 25663,
  "draws": 2,
  "win_rate": 0.3899757281553398,
  "average_score": 95.73257281553398,
  "best_score": 195,
  "top_strategies": {
    "0": 192276,
    "7": 88769,
    "2": 31034,
    "9": 30633,
    "6": 22203,
    "13": 19446,
    "4": 17919,
    "12": 16097,
    "11": 16045,
    "14": 15174
  },
  "epsilon": 0.3570238920649077,
  "timestamp": "20250609_101318",
  "training_time_hours": 0
}