{
  "faction": "orc",
  "games_completed": 396000,
  "wins": 253144,
  "losses": 42851,
  "draws": 5,
  "win_rate": 0.6392525252525253,
  "average_score": 141.19935606060605,
  "best_score": 195,
  "top_strategies": {
    "0": 640899,
    "7": 221976,
    "2": 118893,
    "9": 96255,
    "6": 74144,
    "4": 64908,
    "14": 57126,
    "11": 42689,
    "8": 42611,
    "13": 40079
  },
  "epsilon": 0.13807545748334263,
  "timestamp": "20250609_102047",
  "training_time_hours": 0
}