{
  "faction": "orc",
  "games_completed": 186000,
  "wins": 62915,
  "losses": 23083,
  "draws": 2,
  "win_rate": 0.338252688172043,
  "average_score": 85.70582795698925,
  "best_score": 195,
  "top_strategies": {
    "0": 147759,
    "7": 70199,
    "9": 23366,
    "2": 22612,
    "6": 16817,
    "13": 16250,
    "11": 14648,
    "12": 13616,
    "4": 13414,
    "1": 12139
  },
  "epsilon": 0.39457252121202335,
  "timestamp": "20250609_101230",
  "training_time_hours": 0
}