{
  "faction": "orc",
  "games_completed": 86000,
  "wins": 20859,
  "losses": 65096,
  "draws": 45,
  "win_rate": 0.24254651162790697,
  "average_score": 170.37870930232557,
  "best_score": 295,
  "top_strategies": {
    "4": 13604,
    "11": 12549,
    "10": 12197,
    "5": 11556,
    "1": 9413,
    "3": 9224,
    "12": 8761,
    "13": 8515,
    "8": 8198,
    "0": 7424
  },
  "epsilon": 0.6505246583760934,
  "timestamp": "20250609_100400",
  "training_time_hours": 0
}