{
  "faction": "orc",
  "games_completed": 21000,
  "wins": 2355,
  "losses": 18645,
  "draws": 0,
  "win_rate": 0.11214285714285714,
  "average_score": 168.93361904761906,
  "best_score": 192,
  "top_strategies": {
    "10": 3982,
    "5": 1655,
    "13": 1533,
    "11": 1504,
    "8": 1296,
    "7": 687,
    "0": 545,
    "6": 535,
    "12": 525,
    "3": 425
  },
  "epsilon": 0.9003467946944824,
  "timestamp": "20250609_095116",
  "training_time_hours": 0.07059898694356283
}