{
  "faction": "orc",
  "games_completed": 81000,
  "wins": 16542,
  "losses": 64458,
  "draws": 0,
  "win_rate": 0.20422222222222222,
  "average_score": 171.67850617283952,
  "best_score": 195,
  "top_strategies": {
    "10": 22052,
    "5": 11556,
    "11": 11371,
    "8": 8757,
    "13": 8305,
    "7": 4596,
    "0": 4318,
    "6": 4107,
    "2": 4095,
    "4": 3811
  },
  "epsilon": 0.6669928101942931,
  "timestamp": "20250609_095344",
  "training_time_hours": 0.1115221005678177
}