{
  "faction": "orc",
  "games_completed": 286000,
  "wins": 151863,
  "losses": 34135,
  "draws": 2,
  "win_rate": 0.5309895104895105,
  "average_score": 121.98042657342657,
  "best_score": 195,
  "top_strategies": {
    "0": 385381,
    "7": 155989,
    "2": 68294,
    "9": 56983,
    "6": 42208,
    "14": 34125,
    "4": 33932,
    "13": 29250,
    "12": 26525,
    "11": 24534
  },
  "epsilon": 0.23932003244319947,
  "timestamp": "20250609_101625",
  "training_time_hours": 0
}