{
  "faction": "orc",
  "games_completed": 412000,
  "wins": 1595,
  "losses": 4405,
  "draws": 0,
  "win_rate": 0.003871359223300971,
  "average_score": 2.5793398058252426,
  "best_score": 198,
  "top_strategies": {
    "5": 1706,
    "0": 1654,
    "9": 1638,
    "3": 731,
    "14": 709,
    "10": 565,
    "7": 466,
    "8": 459,
    "6": 392,
    "11": 350
  },
  "epsilon": 0.12746605950517287,
  "timestamp": "20250609_102431",
  "training_time_hours": 0
}