{
  "faction": "orc",
  "games_completed": 71000,
  "wins": 15209,
  "losses": 55754,
  "draws": 37,
  "win_rate": 0.2142112676056338,
  "average_score": 169.3771971830986,
  "best_score": 295,
  "top_strategies": {
    "11": 10109,
    "4": 9386,
    "10": 8783,
    "5": 7650,
    "12": 6995,
    "1": 6861,
    "13": 6110,
    "8": 6055,
    "3": 6012,
    "0": 5366
  },
  "epsilon": 0.7011903504971826,
  "timestamp": "20250609_100326",
  "training_time_hours": 0
}