{
  "faction": "orc",
  "games_completed": 321000,
  "wins": 183934,
  "losses": 37063,
  "draws": 3,
  "win_rate": 0.5730031152647975,
  "average_score": 129.46757632398754,
  "best_score": 195,
  "top_strategies": {
    "0": 469927,
    "7": 179773,
    "2": 88997,
    "9": 68711,
    "6": 49822,
    "4": 44514,
    "14": 42498,
    "13": 32918,
    "12": 29331,
    "11": 28486
  },
  "epsilon": 0.2008987935513948,
  "timestamp": "20250609_101748",
  "training_time_hours": 0
}