{
  "faction": "orc",
  "games_completed": 246000,
  "wins": 115749,
  "losses": 30249,
  "draws": 2,
  "win_rate": 0.4705243902439024,
  "average_score": 110.93008536585366,
  "best_score": 195,
  "top_strategies": {
    "0": 285266,
    "7": 123747,
    "2": 49135,
    "9": 45043,
    "6": 32681,
    "4": 26356,
    "13": 24739,
    "14": 23863,
    "12": 21542,
    "11": 19778
  },
  "epsilon": 0.29230629386308293,
  "timestamp": "20250609_101451",
  "training_time_hours": 0
}