{
  "faction": "orc",
  "games_completed": 181000,
  "wins": 58706,
  "losses": 22292,
  "draws": 2,
  "win_rate": 0.32434254143646407,
  "average_score": 82.86249171270718,
  "best_score": 195,
  "top_strategies": {
    "0": 137363,
    "7": 65618,
    "9": 21813,
    "2": 20624,
    "6": 15829,
    "13": 15397,
    "11": 13633,
    "12": 13021,
    "4": 12357,
    "1": 11589
  },
  "epsilon": 0.40456119742735774,
  "timestamp": "20250609_101219",
  "training_time_hours": 0
}