{
  "faction": "orc",
  "games_completed": 236000,
  "wins": 106867,
  "losses": 29131,
  "draws": 2,
  "win_rate": 0.4528262711864407,
  "average_score": 107.60826694915254,
  "best_score": 195,
  "top_strategies": {
    "0": 261112,
    "7": 115547,
    "2": 44942,
    "9": 41844,
    "6": 29316,
    "4": 24825,
    "13": 23585,
    "14": 21680,
    "12": 20286,
    "11": 18279
  },
  "epsilon": 0.3072931964389272,
  "timestamp": "20250609_101428",
  "training_time_hours": 0
}