{
  "faction": "orc",
  "games_completed": 26000,
  "wins": 3726,
  "losses": 22265,
  "draws": 9,
  "win_rate": 0.1433076923076923,
  "average_score": 166.35303846153846,
  "best_score": 198,
  "top_strategies": {
    "11": 3313,
    "10": 2102,
    "4": 2088,
    "12": 2049,
    "8": 1560,
    "7": 1535,
    "5": 1511,
    "0": 1464,
    "1": 1440,
    "13": 1437
  },
  "epsilon": 0.8781170982458233,
  "timestamp": "20250609_100150",
  "training_time_hours": 0
}