{
  "faction": "orc",
  "games_completed": 336000,
  "wins": 197666,
  "losses": 38331,
  "draws": 3,
  "win_rate": 0.5882916666666667,
  "average_score": 132.2144136904762,
  "best_score": 195,
  "top_strategies": {
    "0": 505531,
    "7": 188995,
    "2": 96993,
    "9": 73454,
    "6": 53928,
    "4": 48308,
    "14": 45423,
    "13": 34663,
    "11": 31606,
    "12": 30741
  },
  "epsilon": 0.186382512181638,
  "timestamp": "20250609_101824",
  "training_time_hours": 0
}