{
  "faction": "orc",
  "games_completed": 266000,
  "wins": 133956,
  "losses": 32042,
  "draws": 2,
  "win_rate": 0.503593984962406,
  "average_score": 116.88276691729324,
  "best_score": 195,
  "top_strategies": {
    "0": 334486,
    "7": 140504,
    "2": 60185,
    "9": 51664,
    "6": 37374,
    "4": 30612,
    "14": 28924,
    "13": 26981,
    "12": 23461,
    "11": 21402
  },
  "epsilon": 0.2644896060919306,
  "timestamp": "20250609_101538",
  "training_time_hours": 0
}