{
  "faction": "orc",
  "games_completed": 306000,
  "wins": 170189,
  "losses": 35809,
  "draws": 2,
  "win_rate": 0.5561732026143791,
  "average_score": 126.47008169934641,
  "best_score": 195,
  "top_strategies": {
    "0": 433750,
    "7": 170187,
    "2": 80273,
    "9": 63547,
    "6": 46934,
    "4": 40124,
    "14": 38849,
    "13": 31359,
    "12": 28186,
    "11": 26663
  },
  "epsilon": 0.21654566610344156,
  "timestamp": "20250609_101713",
  "training_time_hours": 0
}