{
  "faction": "orc",
  "games_completed": 386000,
  "wins": 243856,
  "losses": 42139,
  "draws": 5,
  "win_rate": 0.6317512953367875,
  "average_score": 139.8938238341969,
  "best_score": 195,
  "top_strategies": {
    "0": 618491,
    "7": 215958,
    "2": 115789,
    "9": 91758,
    "6": 72013,
    "4": 61986,
    "14": 55988,
    "11": 41192,
    "13": 39357,
    "8": 38973
  },
  "epsilon": 0.14515475571558475,
  "timestamp": "20250609_102023",
  "training_time_hours": 0
}