{
  "faction": "orc",
  "games_completed": 171000,
  "wins": 50313,
  "losses": 20685,
  "draws": 2,
  "win_rate": 0.2942280701754386,
  "average_score": 76.70493567251462,
  "best_score": 195,
  "top_strategies": {
    "0": 115871,
    "7": 56810,
    "9": 18553,
    "2": 17130,
    "13": 13597,
    "6": 13361,
    "11": 12088,
    "12": 11901,
    "4": 10598,
    "1": 10268
  },
  "epsilon": 0.42530354673391224,
  "timestamp": "20250609_101156",
  "training_time_hours": 0
}