{
  "faction": "orc",
  "games_completed": 371000,
  "wins": 229951,
  "losses": 41044,
  "draws": 5,
  "win_rate": 0.6198140161725068,
  "average_score": 137.80113207547168,
  "best_score": 195,
  "top_strategies": {
    "0": 584994,
    "7": 207941,
    "2": 111720,
    "9": 85944,
    "6": 66666,
    "4": 56434,
    "14": 53163,
    "13": 37987,
    "11": 37958,
    "8": 34620
  },
  "epsilon": 0.15646003994778776,
  "timestamp": "20250609_101947",
  "training_time_hours": 0
}