{
  "faction": "orc",
  "games_completed": 346000,
  "wins": 206811,
  "losses": 39184,
  "draws": 5,
  "win_rate": 0.5977196531791907,
  "average_score": 133.92122543352602,
  "best_score": 195,
  "top_strategies": {
    "0": 527462,
    "7": 195128,
    "2": 101106,
    "9": 76842,
    "6": 57769,
    "4": 51967,
    "14": 47033,
    "13": 35789,
    "11": 33418,
    "12": 31156
  },
  "epsilon": 0.17729250763783977,
  "timestamp": "20250609_101848",
  "training_time_hours": 0
}