{
  "faction": "orc",
  "games_completed": 11000,
  "wins": 915,
  "losses": 10085,
  "draws": 0,
  "win_rate": 0.08318181818181818,
  "average_score": 169.62454545454545,
  "best_score": 192,
  "top_strategies": {
    "10": 1661,
    "13": 562,
    "5": 446,
    "11": 400,
    "8": 368,
    "7": 339,
    "12": 305,
    "6": 291,
    "0": 285,
    "1": 229
  },
  "epsilon": 0.9465086802913849,
  "timestamp": "20250609_095053",
  "training_time_hours": 0.06411832226647271
}