{
  "faction": "orc",
  "games_completed": 66000,
  "wins": 13800,
  "losses": 52166,
  "draws": 34,
  "win_rate": 0.20909090909090908,
  "average_score": 169.18095454545454,
  "best_score": 295,
  "top_strategies": {
    "11": 9389,
    "4": 8310,
    "10": 8007,
    "5": 6936,
    "12": 6369,
    "1": 6247,
    "13": 5659,
    "8": 5526,
    "3": 5256,
    "0": 4718
  },
  "epsilon": 0.718941113664672,
  "timestamp": "20250609_100315",
  "training_time_hours": 0
}