{
  "faction": "orc",
  "games_completed": 326000,
  "wins": 188537,
  "losses": 37460,
  "draws": 3,
  "win_rate": 0.5783343558282209,
  "average_score": 130.40183128834354,
  "best_score": 195,
  "top_strategies": {
    "0": 481435,
    "7": 183211,
    "2": 91947,
    "9": 70115,
    "6": 50331,
    "4": 45873,
    "14": 44033,
    "13": 33685,
    "12": 30180,
    "11": 29516
  },
  "epsilon": 0.19593857241897414,
  "timestamp": "20250609_101800",
  "training_time_hours": 0
}