{
  "faction": "orc",
  "games_completed": 100000,
  "wins": 27112,
  "losses": 72838,
  "draws": 50,
  "win_rate": 0.27112,
  "average_score": 171.37256,
  "best_score": 295,
  "top_strategies": {
    "4": 17112,
    "5": 16915,
    "10": 15654,
    "11": 15153,
    "1": 12692,
    "3": 12550,
    "13": 11840,
    "2": 10695,
    "8": 10382,
    "12": 10188
  },
  "epsilon": 0.6065450650202764,
  "timestamp": "20250609_100432",
  "training_time_hours": 0
}