{
  "faction": "orc",
  "games_completed": 211000,
  "wins": 84795,
  "losses": 26203,
  "draws": 2,
  "win_rate": 0.40187203791469195,
  "average_score": 97.9452037914692,
  "best_score": 195,
  "top_strategies": {
    "0": 203897,
    "7": 93034,
    "2": 33250,
    "9": 32568,
    "6": 22819,
    "13": 20244,
    "4": 19200,
    "11": 16883,
    "12": 16797,
    "14": 16424
  },
  "epsilon": 0.3482089189986503,
  "timestamp": "20250609_101330",
  "training_time_hours": 0
}