{
  "faction": "orc",
  "games_completed": 316000,
  "wins": 179428,
  "losses": 36570,
  "draws": 2,
  "win_rate": 0.5678101265822785,
  "average_score": 128.50717721518987,
  "best_score": 195,
  "top_strategies": {
    "0": 458673,
    "7": 176333,
    "2": 86349,
    "9": 67134,
    "6": 49452,
    "4": 42276,
    "14": 41013,
    "13": 32256,
    "12": 28889,
    "11": 27688
  },
  "epsilon": 0.20598458359747304,
  "timestamp": "20250609_101736",
  "training_time_hours": 0
}