{
  "faction": "orc",
  "games_completed": 191000,
  "wins": 67331,
  "losses": 23667,
  "draws": 2,
  "win_rate": 0.35251832460732985,
  "average_score": 88.41113612565445,
  "best_score": 195,
  "top_strategies": {
    "0": 159146,
    "7": 74700,
    "9": 25015,
    "2": 24344,
    "6": 18064,
    "13": 17128,
    "11": 15278,
    "4": 14789,
    "12": 14280,
    "1": 12751
  },
  "epsilon": 0.3848304669000452,
  "timestamp": "20250609_101242",
  "training_time_hours": 0
}