{
  "faction": "orc",
  "games_completed": 151000,
  "wins": 34101,
  "losses": 16897,
  "draws": 2,
  "win_rate": 0.22583443708609272,
  "average_score": 62.079682119205295,
  "best_score": 195,
  "top_strategies": {
    "0": 76652,
    "7": 38572,
    "9": 12086,
    "6": 9868,
    "13": 9840,
    "2": 9393,
    "11": 9349,
    "12": 9140,
    "1": 7651,
    "4": 7033
  },
  "epsilon": 0.4700332287137367,
  "timestamp": "20250609_101110",
  "training_time_hours": 0
}