{
  "faction": "orc",
  "games_completed": 146000,
  "wins": 30312,
  "losses": 15687,
  "draws": 1,
  "win_rate": 0.2076164383561644,
  "average_score": 57.83795890410959,
  "best_score": 195,
  "top_strategies": {
    "0": 67526,
    "7": 34034,
    "9": 10947,
    "11": 8935,
    "13": 8852,
    "6": 8817,
    "12": 8310,
    "2": 7644,
    "1": 6941,
    "4": 6241
  },
  "epsilon": 0.48193220667005404,
  "timestamp": "20250609_101059",
  "training_time_hours": 0
}