{
  "faction": "orc",
  "games_completed": 121000,
  "wins": 12072,
  "losses": 8928,
  "draws": 0,
  "win_rate": 0.09976859504132231,
  "average_score": 31.537619834710743,
  "best_score": 195,
  "top_strategies": {
    "0": 24848,
    "7": 13834,
    "11": 6128,
    "9": 4793,
    "13": 3781,
    "12": 3364,
    "1": 3118,
    "4": 2735,
    "2": 2378,
    "8": 2318
  },
  "epsilon": 0.5461009051287635,
  "timestamp": "20250609_101002",
  "training_time_hours": 0
}