{
  "faction": "orc",
  "games_completed": 61000,
  "wins": 12250,
  "losses": 48720,
  "draws": 30,
  "win_rate": 0.20081967213114754,
  "average_score": 168.88677049180328,
  "best_score": 198,
  "top_strategies": {
    "11": 8615,
    "4": 7354,
    "10": 7130,
    "5": 6066,
    "12": 5687,
    "1": 5473,
    "13": 5011,
    "8": 4910,
    "3": 4465,
    "0": 4203
  },
  "epsilon": 0.7371412406786603,
  "timestamp": "20250609_100304",
  "training_time_hours": 0
}