{
  "faction": "orc",
  "games_completed": 60,
  "wins": 22,
  "losses": 38,
  "draws": 0,
  "win_rate": 0.36666666666666664,
  "average_score": 175.86666666666667,
  "best_score": 192,
  "top_strategies": {
    "13": 32,
    "4": 24,
    "7": 14,
    "5": 14,
    "12": 14,
    "10": 9,
    "2": 8,
    "14": 8,
    "1": 6,
    "9": 3
  },
  "epsilon": 0.9997250371217193,
  "timestamp": "20250609_094513",
  "training_time_hours": 0.00046051806873745386
}