{
  "faction": "orc",
  "games_completed": 91000,
  "wins": 23003,
  "losses": 67949,
  "draws": 48,
  "win_rate": 0.2527802197802198,
  "average_score": 170.73584615384615,
  "best_score": 295,
  "top_strategies": {
    "4": 14959,
    "11": 13445,
    "10": 13406,
    "5": 13170,
    "1": 10455,
    "3": 10445,
    "13": 9521,
    "12": 9368,
    "8": 8965,
    "2": 8295
  },
  "epsilon": 0.6344631076788703,
  "timestamp": "20250609_100411",
  "training_time_hours": 0
}