{
  "faction": "orc",
  "games_completed": 391000,
  "wins": 248442,
  "losses": 42553,
  "draws": 5,
  "win_rate": 0.6354015345268542,
  "average_score": 140.5476726342711,
  "best_score": 195,
  "top_strategies": {
    "0": 630072,
    "7": 218869,
    "2": 117748,
    "9": 93239,
    "6": 72863,
    "4": 63429,
    "14": 56420,
    "11": 41814,
    "8": 40333,
    "13": 39823
  },
  "epsilon": 0.14157086317922918,
  "timestamp": "20250609_102035",
  "training_time_hours": 0
}