{
  "faction": "orc",
  "games_completed": 281000,
  "wins": 147397,
  "losses": 33601,
  "draws": 2,
  "win_rate": 0.5245444839857651,
  "average_score": 120.77077580071175,
  "best_score": 195,
  "top_strategies": {
    "0": 372565,
    "7": 152536,
    "2": 66144,
    "9": 55242,
    "6": 41057,
    "4": 33316,
    "14": 32922,
    "13": 28629,
    "12": 26216,
    "11": 23341
  },
  "epsilon": 0.2453784632446536,
  "timestamp": "20250609_101614",
  "training_time_hours": 0
}