{
  "faction": "orc",
  "games_completed": 301000,
  "wins": 165684,
  "losses": 35314,
  "draws": 2,
  "win_rate": 0.5504451827242525,
  "average_score": 125.40568106312293,
  "best_score": 195,
  "top_strategies": {
    "0": 421847,
    "7": 167233,
    "2": 76920,
    "9": 62480,
    "6": 45554,
    "4": 39202,
    "14": 37790,
    "13": 30945,
    "12": 27732,
    "11": 26266
  },
  "epsilon": 0.22202755961669687,
  "timestamp": "20250609_101701",
  "training_time_hours": 0
}