{
  "faction": "orc",
  "games_completed": 11000,
  "wins": 1851,
  "losses": 9143,
  "draws": 6,
  "win_rate": 0.16827272727272727,
  "average_score": 167.08281818181817,
  "best_score": 198,
  "top_strategies": {
    "11": 1800,
    "12": 1266,
    "7": 927,
    "0": 914,
    "10": 904,
    "8": 902,
    "4": 892,
    "6": 869,
    "5": 587,
    "1": 555
  },
  "epsilon": 0.9465086802913849,
  "timestamp": "20250609_100119",
  "training_time_hours": 0
}