{
  "faction": "orc",
  "games_completed": 100000,
  "wins": 20899,
  "losses": 79101,
  "draws": 0,
  "win_rate": 0.20899,
  "average_score": 172.00437,
  "best_score": 195,
  "top_strategies": {
    "10": 26608,
    "5": 14535,
    "11": 13983,
    "8": 10743,
    "13": 10040,
    "0": 6104,
    "7": 5901,
    "6": 5538,
    "2": 5380,
    "12": 5284
  },
  "epsilon": 0.6065450650202764,
  "timestamp": "20250609_095432",
  "training_time_hours": 0.12502648578749762
}