{
  "faction": "orc",
  "games_completed": 196000,
  "wins": 71581,
  "losses": 24417,
  "draws": 2,
  "win_rate": 0.3652091836734694,
  "average_score": 90.96852551020409,
  "best_score": 195,
  "top_strategies": {
    "0": 169498,
    "7": 79548,
    "9": 26862,
    "2": 26311,
    "6": 19516,
    "13": 17949,
    "4": 15965,
    "11": 15689,
    "12": 14779,
    "14": 13479
  },
  "epsilon": 0.37532894535990535,
  "timestamp": "20250609_101254",
  "training_time_hours": 0
}