{
  "faction": "orc",
  "games_completed": 116000,
  "wins": 8387,
  "losses": 7613,
  "draws": 0,
  "win_rate": 0.07230172413793104,
  "average_score": 24.894456896551723,
  "best_score": 195,
  "top_strategies": {
    "0": 16896,
    "7": 9870,
    "11": 3965,
    "9": 3394,
    "13": 2692,
    "12": 2482,
    "1": 2276,
    "4": 1957,
    "8": 1627,
    "2": 1510
  },
  "epsilon": 0.5599255503561501,
  "timestamp": "20250609_100951",
  "training_time_hours": 0
}