{
  "faction": "orc",
  "games_completed": 216000,
  "wins": 89080,
  "losses": 26918,
  "draws": 2,
  "win_rate": 0.4124074074074074,
  "average_score": 100.03826851851852,
  "best_score": 195,
  "top_strategies": {
    "0": 215299,
    "7": 97187,
    "2": 35388,
    "9": 34057,
    "6": 23572,
    "13": 20908,
    "4": 20346,
    "12": 17806,
    "14": 17798,
    "11": 17186
  },
  "epsilon": 0.33961158893020377,
  "timestamp": "20250609_101341",
  "training_time_hours": 0
}