{
  "faction": "orc",
  "games_completed": 311000,
  "wins": 174732,
  "losses": 36266,
  "draws": 2,
  "win_rate": 0.5618392282958199,
  "average_score": 127.49312861736334,
  "best_score": 195,
  "top_strategies": {
    "0": 445221,
    "7": 173422,
    "2": 83152,
    "9": 65402,
    "6": 48695,
    "4": 40933,
    "14": 39910,
    "13": 31798,
    "12": 28564,
    "11": 26887
  },
  "epsilon": 0.21119912135744104,
  "timestamp": "20250609_101724",
  "training_time_hours": 0
}