{
  "faction": "orc",
  "games_completed": 131000,
  "wins": 19226,
  "losses": 11774,
  "draws": 0,
  "win_rate": 0.14676335877862595,
  "average_score": 43.19960305343511,
  "best_score": 195,
  "top_strategies": {
    "0": 40587,
    "7": 21567,
    "9": 7733,
    "11": 7652,
    "13": 5969,
    "12": 5854,
    "1": 4660,
    "4": 4160,
    "2": 3935,
    "14": 3846
  },
  "epsilon": 0.5194671847711723,
  "timestamp": "20250609_101025",
  "training_time_hours": 0
}