{
  "faction": "orc",
  "games_completed": 91000,
  "wins": 18764,
  "losses": 72236,
  "draws": 0,
  "win_rate": 0.2061978021978022,
  "average_score": 171.84625274725275,
  "best_score": 195,
  "top_strategies": {
    "10": 24473,
    "5": 13081,
    "11": 12770,
    "8": 9839,
    "13": 9170,
    "7": 5272,
    "0": 5198,
    "6": 4803,
    "2": 4726,
    "12": 4447
  },
  "epsilon": 0.6344631076788703,
  "timestamp": "20250609_095409",
  "training_time_hours": 0.11860156860616472
}