{
  "faction": "orc",
  "games_completed": 341000,
  "wins": 202168,
  "losses": 38828,
  "draws": 4,
  "win_rate": 0.5928680351906158,
  "average_score": 133.0749530791789,
  "best_score": 195,
  "top_strategies": {
    "0": 515817,
    "7": 192001,
    "2": 99050,
    "9": 75270,
    "6": 55977,
    "4": 49802,
    "14": 46153,
    "13": 35108,
    "11": 32718,
    "12": 30853
  },
  "epsilon": 0.18178070019813122,
  "timestamp": "20250609_101836",
  "training_time_hours": 0
}