{
  "faction": "orc",
  "games_completed": 156000,
  "wins": 38136,
  "losses": 17862,
  "draws": 2,
  "win_rate": 0.24446153846153845,
  "average_score": 66.07985897435897,
  "best_score": 195,
  "top_strategies": {
    "0": 86455,
    "7": 43133,
    "9": 13563,
    "2": 11331,
    "13": 10786,
    "6": 10472,
    "11": 10257,
    "12": 9855,
    "1": 8406,
    "4": 7822
  },
  "epsilon": 0.4584280382952661,
  "timestamp": "20250609_101122",
  "training_time_hours": 0
}