{
  "faction": "orc",
  "games_completed": 51000,
  "wins": 9361,
  "losses": 41616,
  "draws": 23,
  "win_rate": 0.18354901960784314,
  "average_score": 168.20160784313725,
  "best_score": 198,
  "top_strategies": {
    "11": 7051,
    "10": 5479,
    "4": 5470,
    "12": 4549,
    "5": 4369,
    "1": 4223,
    "13": 3843,
    "8": 3774,
    "0": 3236,
    "7": 3216
  },
  "epsilon": 0.7749353771397268,
  "timestamp": "20250609_100243",
  "training_time_hours": 0
}