{
  "faction": "orc",
  "games_completed": 407000,
  "wins": 206,
  "losses": 794,
  "draws": 0,
  "win_rate": 0.0005061425061425062,
  "average_score": 0.43675429975429975,
  "best_score": 198,
  "top_strategies": {
    "0": 259,
    "8": 200,
    "3": 117,
    "9": 104,
    "1": 103,
    "14": 97,
    "6": 86,
    "7": 79,
    "12": 49,
    "10": 47
  },
  "epsilon": 0.13069288633267398,
  "timestamp": "20250609_102421",
  "training_time_hours": 0
}