{
  "faction": "orc",
  "games_completed": 241000,
  "wins": 111255,
  "losses": 29743,
  "draws": 2,
  "win_rate": 0.4616390041493776,
  "average_score": 109.3023070539419,
  "best_score": 195,
  "top_strategies": {
    "0": 273546,
    "7": 119365,
    "2": 46899,
    "9": 43227,
    "6": 30703,
    "4": 25431,
    "13": 24109,
    "14": 22873,
    "12": 21032,
    "11": 19231
  },
  "epsilon": 0.29970608165401386,
  "timestamp": "20250609_101440",
  "training_time_hours": 0
}