{
  "faction": "orc",
  "games_completed": 101000,
  "wins": 385,
  "losses": 615,
  "draws": 0,
  "win_rate": 0.003811881188118812,
  "average_score": 1.7624059405940593,
  "best_score": 195,
  "top_strategies": {
    "0": 649,
    "7": 451,
    "9": 202,
    "11": 172,
    "12": 117,
    "13": 112,
    "1": 102,
    "2": 101,
    "6": 100,
    "8": 96
  },
  "epsilon": 0.6035349895677246,
  "timestamp": "20250609_100920",
  "training_time_hours": 0
}