{
  "faction": "orc",
  "games_completed": 351000,
  "wins": 211386,
  "losses": 39609,
  "draws": 5,
  "win_rate": 0.6022393162393163,
  "average_score": 134.7424586894587,
  "best_score": 195,
  "top_strategies": {
    "0": 539048,
    "7": 197691,
    "2": 103836,
    "9": 78219,
    "6": 58906,
    "4": 52954,
    "14": 47983,
    "13": 36275,
    "11": 34483,
    "12": 31944
  },
  "epsilon": 0.1729151292202845,
  "timestamp": "20250609_101900",
  "training_time_hours": 0
}