{
  "faction": "orc",
  "games_completed": 111000,
  "wins": 5050,
  "losses": 5950,
  "draws": 0,
  "win_rate": 0.045495495495495496,
  "average_score": 17.71027027027027,
  "best_score": 195,
  "top_strategies": {
    "0": 9662,
    "7": 6036,
    "9": 2262,
    "11": 2164,
    "12": 1718,
    "13": 1705,
    "1": 1431,
    "4": 1218,
    "8": 986,
    "14": 927
  },
  "epsilon": 0.5741001690295966,
  "timestamp": "20250609_100940",
  "training_time_hours": 0
}