{
  "faction": "orc",
  "games_completed": 291000,
  "wins": 156481,
  "losses": 34517,
  "draws": 2,
  "win_rate": 0.5377353951890035,
  "average_score": 123.16656013745704,
  "best_score": 195,
  "top_strategies": {
    "0": 398019,
    "7": 159436,
    "2": 70696,
    "9": 58726,
    "6": 43907,
    "4": 35863,
    "14": 35137,
    "13": 29752,
    "12": 26880,
    "11": 25528
  },
  "epsilon": 0.23341118520050766,
  "timestamp": "20250609_101637",
  "training_time_hours": 0
}