{
  "faction": "orc",
  "games_completed": 176000,
  "wins": 54528,
  "losses": 21470,
  "draws": 2,
  "win_rate": 0.3098181818181818,
  "average_score": 79.8820625,
  "best_score": 195,
  "top_strategies": {
    "0": 126452,
    "7": 61312,
    "9": 20214,
    "2": 18968,
    "6": 14866,
    "13": 14511,
    "11": 12770,
    "12": 12454,
    "4": 11488,
    "1": 10952
  },
  "epsilon": 0.41480273882506424,
  "timestamp": "20250609_101207",
  "training_time_hours": 0
}