{
  "faction": "orc",
  "games_completed": 21000,
  "wins": 2932,
  "losses": 18062,
  "draws": 6,
  "win_rate": 0.13961904761904761,
  "average_score": 166.082,
  "best_score": 198,
  "top_strategies": {
    "11": 2709,
    "12": 1747,
    "4": 1596,
    "10": 1593,
    "7": 1291,
    "8": 1276,
    "0": 1237,
    "6": 1133,
    "5": 1108,
    "13": 1048
  },
  "epsilon": 0.9003467946944824,
  "timestamp": "20250609_100140",
  "training_time_hours": 0
}