{
  "faction": "orc",
  "games_completed": 400000,
  "wins": 256917,
  "losses": 43078,
  "draws": 5,
  "win_rate": 0.6422925,
  "average_score": 141.70848,
  "best_score": 195,
  "top_strategies": {
    "0": 649108,
    "7": 224329,
    "2": 120322,
    "9": 97223,
    "6": 75284,
    "4": 67243,
    "14": 57902,
    "8": 44377,
    "11": 43429,
    "13": 40271
  },
  "epsilon": 0.1353413734742867,
  "timestamp": "20250609_102057",
  "training_time_hours": 0
}