{
  "faction": "orc",
  "games_completed": 56000,
  "wins": 10757,
  "losses": 45216,
  "draws": 27,
  "win_rate": 0.1920892857142857,
  "average_score": 168.55973214285714,
  "best_score": 198,
  "top_strategies": {
    "11": 7839,
    "4": 6290,
    "10": 6231,
    "5": 5187,
    "12": 5161,
    "1": 4836,
    "13": 4437,
    "8": 4343,
    "0": 3683,
    "7": 3627
  },
  "epsilon": 0.7558021072678773,
  "timestamp": "20250609_100253",
  "training_time_hours": 0
}