{
  "faction": "orc",
  "games_completed": 366000,
  "wins": 225219,
  "losses": 40776,
  "draws": 5,
  "win_rate": 0.6153524590163935,
  "average_score": 137.06495355191257,
  "best_score": 195,
  "top_strategies": {
    "0": 572681,
    "7": 205381,
    "2": 110210,
    "9": 84624,
    "6": 63945,
    "4": 55416,
    "14": 51523,
    "13": 37643,
    "11": 37173,
    "12": 33660
  },
  "epsilon": 0.1604208547426862,
  "timestamp": "20250609_101935",
  "training_time_hours": 0
}