{
  "faction": "orc",
  "games_completed": 76000,
  "wins": 16977,
  "losses": 58981,
  "draws": 42,
  "win_rate": 0.22338157894736843,
  "average_score": 169.725,
  "best_score": 295,
  "top_strategies": {
    "11": 10943,
    "4": 10724,
    "10": 9859,
    "5": 8816,
    "1": 7652,
    "12": 7634,
    "13": 6866,
    "3": 6837,
    "8": 6749,
    "0": 6013
  },
  "epsilon": 0.683877856315903,
  "timestamp": "20250609_100337",
  "training_time_hours": 0
}