{
  "faction": "orc",
  "games_completed": 161000,
  "wins": 42242,
  "losses": 18756,
  "draws": 2,
  "win_rate": 0.2623726708074534,
  "average_score": 69.83506211180124,
  "best_score": 195,
  "top_strategies": {
    "0": 96520,
    "7": 47786,
    "9": 15075,
    "2": 13358,
    "13": 11769,
    "6": 11128,
    "11": 10786,
    "12": 10486,
    "1": 9089,
    "4": 8841
  },
  "epsilon": 0.4471093817565728,
  "timestamp": "20250609_101133",
  "training_time_hours": 0
}