{
  "faction": "orc",
  "games_completed": 141000,
  "wins": 26448,
  "losses": 14551,
  "draws": 1,
  "win_rate": 0.1875744680851064,
  "average_score": 53.29070921985816,
  "best_score": 195,
  "top_strategies": {
    "0": 57698,
    "7": 29699,
    "9": 9796,
    "11": 8559,
    "13": 7905,
    "12": 7614,
    "6": 7298,
    "1": 6189,
    "2": 6139,
    "4": 5528
  },
  "epsilon": 0.49413240944996994,
  "timestamp": "20250609_101047",
  "training_time_hours": 0
}