{
  "faction": "orc",
  "games_completed": 376000,
  "wins": 234565,
  "losses": 41430,
  "draws": 5,
  "win_rate": 0.623843085106383,
  "average_score": 138.51519414893616,
  "best_score": 195,
  "top_strategies": {
    "0": 596950,
    "7": 210693,
    "2": 112719,
    "9": 87916,
    "6": 68913,
    "4": 58028,
    "14": 54340,
    "11": 38875,
    "13": 38336,
    "8": 35610
  },
  "epsilon": 0.15259701826005556,
  "timestamp": "20250609_101959",
  "training_time_hours": 0
}